ParkID,Transect,PointID,Year,Month,Day,SampleNumber,Time,Method,TrackNumber,Project,Temperature,Sky,Wind,Pressure,RecorderAndMicrophone,RecorderAndMicrophoneUnitNum,SoundQuality,Observer,ObserverComments,Transcriber,TranscriptionMethod,RecordingLength,Method_MaxSpeciesIndividuals,TranscriberComments
JNP,Cavell Meadows,1,2024,7,4,1,05:05:49,Recording,NA,EI Monitoring,3.4,Scattered,0.0,,SM4 (AU-1062),,,Emily Hollik; Aidan Kay; Danielle Parker,,Bronwyn Robinson,600s 1SPT,10m00s,999,
JNP,Cavell Meadows,10,2024,7,4,1,09:37:21,Recording,NA,EI Monitoring,9,Scattered,0.0,,SM4 (AU-1062),,,Emily Hollik; Aidan Kay; Danielle Parker,Forgot site photos,Christopher Moser-Purdy,600s 1SPT,10m00s,999,
JNP,Cavell Meadows,2,2024,7,4,1,05:37:32,Recording,NA,EI Monitoring,3,Scattered,0.0,,SM4 (AU-1062),,,Emily Hollik; Aidan Kay; Danielle Parker,,Eric Pollard,600s 1SPT,10m00s,999,
JNP,Cavell Meadows,3,2024,7,4,1,06:10:47,Recording,NA,EI Monitoring,4.6,Scattered,5.2,,SM4 (AU-1062),,,Emily Hollik; Aidan Kay; Danielle Parker,,Michel Vorasane,600s 1SPT,10m00s,999,
JNP,Cavell Meadows,4,2024,7,4,1,06:37:51,Recording,NA,EI Monitoring,5.1,Scattered,2.8,,SM4 (AU-1062),,,Emily Hollik; Aidan Kay; Danielle Parker,,Maya Meron,600s 1SPT,10m00s,999,
JNP,Cavell Meadows,5,2024,7,4,1,07:12:38,Recording,NA,EI Monitoring,5.1,Scattered,3.7,,SM4 (AU-1062),,,Emily Hollik; Aidan Kay; Danielle Parker,,Samantha Pedersen,600s 1SPT,10m00s,999,
JNP,Cavell Meadows,6,2024,7,4,1,07:44:37,Recording,NA,EI Monitoring,3.8,Scattered,0.0,,SM4 (AU-1062),,,Emily Hollik; Aidan Kay; Danielle Parker,,Alana Demko,600s 1SPT,10m00s,999,
JNP,Cavell Meadows,7,2024,7,4,1,08:16:05,Recording,NA,EI Monitoring,8.3,Scattered,0.0,,SM4 (AU-1062),,,Emily Hollik; Aidan Kay; Danielle Parker,Forgot site photos,Alana Demko,600s 1SPT,10m00s,999,"intermittent noises, maybe construction"
JNP,Cavell Meadows,8,2024,7,4,1,08:44:26,Recording,NA,EI Monitoring,5.6,Scattered,0.9,,SM4 (AU-1062),,,Emily Hollik; Aidan Kay; Danielle Parker,Forgot site photos,Eric Pollard,600s 1SPT,10m00s,999,
JNP,Cavell Meadows,9,2024,7,4,1,09:14:08,Recording,NA,EI Monitoring,10.4,Scattered,0.0,,SM4 (AU-1062),,,Emily Hollik; Aidan Kay; Danielle Parker,Forgot site photos,Bronwyn Robinson,600s 1SPT,10m00s,999,
JNP,Elysium Pass,1,2024,6,20,1,04:57:03,Recording,NA,EI Monitoring,3.4,Broken,0.0,,SM4 (AU-1062),,,Nina Veselka; Emily Hollik,,Michel Vorasane,600s 1SPT,10m00s,999,
JNP,Elysium Pass,10,2024,6,20,1,08:10:31,Recording,NA,EI Monitoring,7.1,Scattered,0.0,,SM4 (AU-1062),,,Nina Veselka; Emily Hollik,,Christopher Moser-Purdy,600s 1SPT,10m00s,999,
JNP,Elysium Pass,2,2024,6,20,1,05:20:43,Recording,NA,EI Monitoring,3.4,Broken,0.0,,SM4 (AU-1062),,,Nina Veselka; Emily Hollik,,Maya Meron,600s 1SPT,10m00s,999,
JNP,Elysium Pass,3,2024,6,20,1,05:40:00,Recording,NA,EI Monitoring,3.8,Broken,0.0,,SM4 (AU-1062),,,Nina Veselka; Emily Hollik,,Samantha Pedersen,600s 1SPT,10m00s,999,Other noise is train
JNP,Elysium Pass,4,2024,6,20,1,06:00:10,Recording,NA,EI Monitoring,4.5,Broken,0.0,,SM4 (AU-1062),,,Nina Veselka; Emily Hollik,,Christopher Moser-Purdy,600s 1SPT,10m00s,999,
JNP,Elysium Pass,5,2024,6,20,1,06:21:39,Recording,NA,EI Monitoring,4.5,Broken,0.0,,SM4 (AU-1062),,,Nina Veselka; Emily Hollik,,Alana Demko,600s 1SPT,10m00s,999,"distant traffic, train whistle, insects buzzing"
JNP,Elysium Pass,6,2024,6,20,1,06:43:43,Recording,NA,EI Monitoring,5,Broken,0.0,,SM4 (AU-1062),,,Nina Veselka; Emily Hollik,,Bronwyn Robinson,600s 1SPT,10m00s,999,
JNP,Elysium Pass,7,2024,6,20,1,07:04:35,Recording,NA,EI Monitoring,5.6,Broken,2.0,,SM4 (AU-1062),,,Nina Veselka; Emily Hollik,,Maya Meron,600s 1SPT,10m00s,999,
JNP,Elysium Pass,8,2024,6,20,1,07:26:39,Recording,NA,EI Monitoring,6.5,Broken,0.0,,SM4 (AU-1062),,,Nina Veselka; Emily Hollik,,Eric Pollard,600s 1SPT,10m00s,999,
JNP,Elysium Pass,9,2024,6,20,1,07:48:30,Recording,NA,EI Monitoring,7.1,Broken,0.0,,SM4 (AU-1062),,,Nina Veselka; Emily Hollik,,Michel Vorasane,600s 1SPT,10m00s,999,
JNP,Fiddle Pass,1,2024,6,30,1,04:58:34,Recording,NA,EI Monitoring,6.8,Clear,0.0,,SM4 (AU-6128),,,Bethany Parsons; Adam Parsons,,Michel Vorasane,600s 1SPT,10m00s,999,
JNP,Fiddle Pass,10,2024,6,30,1,08:23:00,Recording,NA,EI Monitoring,12.3,Overcast,0.0,,SM4 (AU-6128),,,Bethany Parsons; Adam Parsons,,Samantha Pedersen,600s 1SPT,10m00s,999,
JNP,Fiddle Pass,2,2024,6,30,1,05:22:26,Recording,NA,EI Monitoring,9.6,Clear,0.0,,SM4 (AU-6128),,,Bethany Parsons; Adam Parsons,,Eric Pollard,600s 1SPT,10m00s,999,
JNP,Fiddle Pass,3,2024,6,30,1,05:46:33,Recording,NA,EI Monitoring,7.6,Clear,0.0,,SM4 (AU-6128),,,Bethany Parsons; Adam Parsons,,Samantha Pedersen,600s 1SPT,10m00s,999,distant noise
JNP,Fiddle Pass,4,2024,6,30,1,06:10:27,Recording,NA,EI Monitoring,9.5,Scattered,1.4,,SM4 (AU-6128),,,Bethany Parsons; Adam Parsons,,Maya Meron,600s 1SPT,10m00s,999,
JNP,Fiddle Pass,5,2024,6,30,1,06:34:29,Recording,NA,EI Monitoring,5.4,Scattered,0.0,,SM4 (AU-6128),,,Bethany Parsons; Adam Parsons,,Maya Meron,600s 1SPT,10m00s,999,
JNP,Fiddle Pass,6,2024,6,30,1,06:55:33,Recording,NA,EI Monitoring,4.6,Scattered,0.0,,SM4 (AU-6128),,,Bethany Parsons; Adam Parsons,,Bronwyn Robinson,600s 1SPT,10m00s,999,
JNP,Fiddle Pass,7,2024,6,30,1,07:17:50,Recording,NA,EI Monitoring,6.3,Broken,1.0,,SM4 (AU-6128),,,Bethany Parsons; Adam Parsons,,Michel Vorasane,600s 1SPT,10m00s,999,
JNP,Fiddle Pass,8,2024,6,30,1,07:41:09,Recording,NA,EI Monitoring,8.4,Overcast,0.0,,SM4 (AU-6128),,,Bethany Parsons; Adam Parsons,,Bronwyn Robinson,600s 1SPT,10m00s,999,
JNP,Fiddle Pass,9,2024,6,30,1,08:03:53,Recording,NA,EI Monitoring,10.4,Overcast,1.3,,SM4 (AU-6128),,,Bethany Parsons; Adam Parsons,,Eric Pollard,600s 1SPT,10m00s,999,
JNP,Majestic Hill,1,2024,7,4,1,04:47:18,Recording,NA,EI Monitoring,2.6,Clear,0.9,,SM4 (AU-6128),,,Nick Lai; Bryn Malcom,Some snow patches,Samantha Pedersen,600s 1SPT,10m00s,999,
JNP,Majestic Hill,10,2024,7,4,1,08:40:54,Recording,NA,EI Monitoring,12.2,Clear,0.0,,SM4 (AU-6128),,,Nick Lai; Bryn Malcom,,Maya Meron,600s 1SPT,10m00s,999,
JNP,Majestic Hill,2,2024,7,4,1,05:12:10,Recording,NA,EI Monitoring,2.8,Clear,0.0,,SM4 (AU-6128),,,Nick Lai; Bryn Malcom,,Michel Vorasane,600s 1SPT,10m00s,999,
JNP,Majestic Hill,3,2024,7,4,1,05:36:54,Recording,NA,EI Monitoring,2.4,Clear,0.0,,SM4 (AU-6128),,,Nick Lai; Bryn Malcom,Forgot site photos,Michel Vorasane,600s 1SPT,10m00s,999,
JNP,Majestic Hill,4,2024,7,4,1,06:03:31,Recording,NA,EI Monitoring,3.3,Scattered,0.0,,SM4 (AU-6128),,,Nick Lai; Bryn Malcom,,Samantha Pedersen,600s 1SPT,10m00s,999,
JNP,Majestic Hill,5,2024,7,4,1,06:27:15,Recording,NA,EI Monitoring,3.3,Scattered,2.3,,SM4 (AU-6128),,,Nick Lai; Bryn Malcom,,Maya Meron,600s 1SPT,10m00s,999,
JNP,Majestic Hill,6,2024,7,4,1,06:54:32,Recording,NA,EI Monitoring,3,Scattered,2.5,,SM4 (AU-6128),,,Nick Lai; Bryn Malcom,,Michel Vorasane,600s 1SPT,10m00s,999,
JNP,Majestic Hill,7,2024,7,4,1,07:21:12,Recording,NA,EI Monitoring,3.3,Clear,2.3,,SM4 (AU-6128),,,Nick Lai; Bryn Malcom,,Eric Pollard,600s 1SPT,10m00s,999,
JNP,Majestic Hill,8,2024,7,4,1,07:45:59,Recording,NA,EI Monitoring,6.5,Clear,3.0,,SM4 (AU-6128),,,Nick Lai; Bryn Malcom,,Michel Vorasane,600s 1SPT,10m00s,999,
JNP,Majestic Hill,9,2024,7,4,1,08:17:08,Recording,NA,EI Monitoring,10.9,Clear,0.0,,SM4 (AU-6128),,,Nick Lai; Bryn Malcom,Couldn't find monument. Forgot site photos,Michel Vorasane,600s 1SPT,10m00s,999,
JNP,Opal Hills,1,2024,6,25,1,05:10:41,Recording,NA,EI Monitoring,1.1,Broken,0.0,,SM4 (AU-1062),,,Emily Hollik; Heidi Fengler; Laura Humphreys; Adelina Morello,,Christopher Moser-Purdy,600s 1SPT,10m00s,999,
JNP,Opal Hills,10,2024,6,25,1,09:15:43,Recording,NA,EI Monitoring,6.6,Overcast,0.0,,SM4 (AU-1062),,,Emily Hollik; Heidi Fengler; Laura Humphreys; Adelina Morello,,Eric Pollard,600s 1SPT,10m00s,999,
JNP,Opal Hills,2,2024,6,25,1,05:47:37,Recording,NA,EI Monitoring,1.7,Broken,0.0,,SM4 (AU-1062),,,Emily Hollik; Heidi Fengler; Laura Humphreys; Adelina Morello,Forgot radio on during initial recording. Second recording  pursuit maintenance truck audible at 5:40,Alana Demko,600s 1SPT,10m00s,999,maybe construction noise (distant)
JNP,Opal Hills,3,2024,6,25,1,06:20:40,Recording,NA,EI Monitoring,1.7,Overcast,0.0,,SM4 (AU-1062),,,Emily Hollik; Heidi Fengler; Laura Humphreys; Adelina Morello,,Eric Pollard,600s 1SPT,10m00s,999,
JNP,Opal Hills,4,2024,6,25,1,06:48:16,Recording,NA,EI Monitoring,2.8,Overcast,0.0,,SM4 (AU-1062),,,Emily Hollik; Heidi Fengler; Laura Humphreys; Adelina Morello,,Bronwyn Robinson,600s 1SPT,10m00s,999,
JNP,Opal Hills,5,2024,6,25,1,07:12:15,Recording,NA,EI Monitoring,3.1,Overcast,0.0,,SM4 (AU-1062),,,Emily Hollik; Heidi Fengler; Laura Humphreys; Adelina Morello,,Michel Vorasane,600s 1SPT,10m00s,999,
JNP,Opal Hills,6,2024,6,25,1,07:36:11,Recording,NA,EI Monitoring,4.4,Overcast,0.0,,SM4 (AU-1062),,,Emily Hollik; Heidi Fengler; Laura Humphreys; Adelina Morello,,Samantha Pedersen,600s 1SPT,10m00s,999,
JNP,Opal Hills,7,2024,6,25,1,08:00:07,Recording,NA,EI Monitoring,4.5,Overcast,0.9,,SM4 (AU-1062),,,Emily Hollik; Heidi Fengler; Laura Humphreys; Adelina Morello,,Maya Meron,600s 1SPT,10m00s,999,
JNP,Opal Hills,8,2024,6,25,1,08:25:12,Recording,NA,EI Monitoring,5.6,Overcast,0.0,,SM4 (AU-1062),,,Emily Hollik; Heidi Fengler; Laura Humphreys; Adelina Morello,,Bronwyn Robinson,600s 1SPT,10m00s,999,
JNP,Opal Hills,9,2024,6,25,1,08:49:25,Recording,NA,EI Monitoring,6.1,Overcast,0.0,,SM4 (AU-1062),,,Emily Hollik; Heidi Fengler; Laura Humphreys; Adelina Morello,,Alana Demko,600s 1SPT,10m00s,999,
JNP,Poboktan Pass,1,2024,7,6,1,05:04:43,Recording,NA,EI Monitoring,3.6,Scattered,5.4,,SM4 (AU-5574),,,Nina Veselka; Donny Roberts,Couldn't find stake  but found flagging,Christopher Moser-Purdy,600s 1SPT,10m00s,999,
JNP,Poboktan Pass,10,2024,7,6,1,08:44:54,Recording,NA,EI Monitoring,8.9,Broken,4.6,,SM4 (AU-5574),,,Nina Veselka; Donny Roberts,,Samantha Pedersen,600s 1SPT,10m00s,999,
JNP,Poboktan Pass,2,2024,7,6,1,05:32:35,Recording,NA,EI Monitoring,6.3,Broken,2.2,,SM4 (AU-5574),,,Nina Veselka; Donny Roberts,,Eric Pollard,600s 1SPT,10m00s,999,
JNP,Poboktan Pass,3,2024,7,6,1,05:57:13,Recording,NA,EI Monitoring,5.4,Broken,2.4,,SM4 (AU-5574),,,Nina Veselka; Donny Roberts,,Eric Pollard,600s 1SPT,10m00s,999,
JNP,Poboktan Pass,4,2024,7,6,1,06:20:27,Recording,NA,EI Monitoring,5,Broken,1.3,,SM4 (AU-5574),,,Nina Veselka; Donny Roberts,,Michel Vorasane,600s 1SPT,10m00s,999,
JNP,Poboktan Pass,5,2024,7,6,1,06:46:28,Recording,NA,EI Monitoring,4.9,Broken,2.0,,SM4 (AU-5574),,,Nina Veselka; Donny Roberts,Couldn't find stake  but found flagging,Samantha Pedersen,600s 1SPT,10m00s,999,
JNP,Poboktan Pass,6,2024,7,6,1,07:10:02,Recording,NA,EI Monitoring,5.2,Broken,2.4,,SM4 (AU-5574),,,Nina Veselka; Donny Roberts,,Maya Meron,600s 1SPT,10m00s,999,
JNP,Poboktan Pass,7,2024,7,6,1,07:35:00,Recording,NA,EI Monitoring,4.7,Scattered,3.8,,SM4 (AU-5574),,,Nina Veselka; Donny Roberts,,Eric Pollard,600s 1SPT,10m00s,999,
JNP,Poboktan Pass,8,2024,7,6,1,07:58:27,Recording,NA,EI Monitoring,6.1,Scattered,2.6,,SM4 (AU-5574),,,Nina Veselka; Donny Roberts,,Samantha Pedersen,600s 1SPT,10m00s,999,
JNP,Poboktan Pass,9,2024,7,6,1,08:20:32,Recording,NA,EI Monitoring,10.6,Scattered,1.6,,SM4 (AU-5574),,,Nina Veselka; Donny Roberts,,Samantha Pedersen,600s 1SPT,10m00s,999,
JNP,Pyramid Bench,1,2024,6,5,1,05:02:00,Recording,NA,EI Monitoring,3.8,Broken,0.0,,SM4 (AU-1062),,,Nina Veselka; Emily Hollik,Road noise audible. Need to replace rebar/marker. Cannot find original.,Michel Vorasane,600s 1SPT,10m00s,999,
JNP,Pyramid Bench,10,2024,6,5,1,08:54:11,Recording,NA,EI Monitoring,7.7,Scattered,0.0,,SM4 (AU-1062),,,Nina Veselka; Emily Hollik,Road noise audible,Bronwyn Robinson,600s 1SPT,10m00s,999,
JNP,Pyramid Bench,2,2024,6,5,1,05:25:06,Recording,NA,EI Monitoring,3.5,Broken,0.0,,SM4 (AU-1062),,,Nina Veselka; Emily Hollik,,Michel Vorasane,600s 1SPT,10m00s,999,
JNP,Pyramid Bench,3,2024,6,5,1,05:53:00,Recording,NA,EI Monitoring,3.7,Broken,0.0,,SM4 (AU-1062),,,Nina Veselka; Emily Hollik,Almost stepped on a Fawn!,Samantha Pedersen,600s 1SPT,10m00s,999,
JNP,Pyramid Bench,4,2024,6,5,1,06:18:18,Recording,NA,EI Monitoring,2.8,Scattered,0.0,,SM4 (AU-1062),,,Nina Veselka; Emily Hollik,Wind picked up during recording,Michel Vorasane,600s 1SPT,10m00s,999,
JNP,Pyramid Bench,5,2024,6,5,1,06:46:30,Recording,NA,EI Monitoring,2,Scattered,0.0,,SM4 (AU-1062),,,Nina Veselka; Emily Hollik,Point in flooded wetland,Bronwyn Robinson,600s 1SPT,10m00s,999,
JNP,Pyramid Bench,6,2024,6,5,1,07:16:26,Recording,NA,EI Monitoring,3.2,Scattered,0.0,,SM4 (AU-1062),,,Nina Veselka; Emily Hollik,,Eric Pollard,600s 1SPT,10m00s,999,
JNP,Pyramid Bench,7,2024,6,5,1,07:41:31,Recording,NA,EI Monitoring,3.2,Scattered,0.0,,SM4 (AU-1062),,,Nina Veselka; Emily Hollik,Road noise audible,Bronwyn Robinson,600s 1SPT,10m00s,999,
JNP,Pyramid Bench,8,2024,6,5,1,08:03:27,Recording,NA,EI Monitoring,5.1,Scattered,0.0,,SM4 (AU-1062),,,Nina Veselka; Emily Hollik,Road noise audible,Samantha Pedersen,600s 1SPT,10m00s,999,Other noise is trees and distant vehicle
JNP,Pyramid Bench,9,2024,6,5,1,08:31:56,Recording,NA,EI Monitoring,6.2,Scattered,1.5,,SM4 (AU-1062),,,Nina Veselka; Emily Hollik,Train in valley below,Michel Vorasane,600s 1SPT,10m00s,999,
JNP,Sulphur Creek,1,2024,6,21,1,04:57:28,Recording,NA,EI Monitoring,2.7,Clear,0.0,,SM4 (AU-1062),,,Nina Veselka; Anne Robinson; Maeve Chidwick,,Michel Vorasane,600s 1SPT,10m00s,999,
JNP,Sulphur Creek,2,2024,6,21,1,05:21:50,Recording,NA,EI Monitoring,2.6,Clear,1.1,,SM4 (AU-1062),,,Nina Veselka; Anne Robinson; Maeve Chidwick,,Maya Meron,600s 1SPT,10m00s,999,
JNP,Sulphur Creek,3,2024,6,21,1,05:44:47,Recording,NA,EI Monitoring,3.3,Clear,0.0,,SM4 (AU-1062),,,Nina Veselka; Anne Robinson; Maeve Chidwick,,Maya Meron,600s 1SPT,10m00s,999,
JNP,Sulphur Creek,4,2024,6,21,1,06:21:04,Recording,NA,EI Monitoring,3.4,Clear,0.0,,SM4 (AU-1062),,,Nina Veselka; Anne Robinson; Maeve Chidwick,,Bronwyn Robinson,600s 1SPT,10m00s,999,
JNP,Sulphur Creek,5,2024,6,21,1,06:44:20,Recording,NA,EI Monitoring,3.2,Clear,0.0,,SM4 (AU-1062),,,Nina Veselka; Anne Robinson; Maeve Chidwick,,Samantha Pedersen,600s 1SPT,10m00s,999,Other noise is water
JNP,Sulphur Creek,6,2024,6,21,1,07:06:45,Recording,NA,EI Monitoring,3.7,Clear,1.5,,SM4 (AU-1062),,,Nina Veselka; Anne Robinson; Maeve Chidwick,,Bronwyn Robinson,600s 1SPT,10m00s,999,
JNP,Sulphur Creek,7,2024,6,21,1,07:28:21,Recording,NA,EI Monitoring,3.3,Clear,0.0,,SM4 (AU-1062),,,Nina Veselka; Anne Robinson; Maeve Chidwick,,Michel Vorasane,600s 1SPT,10m00s,999,
JNP,Sulphur Creek,8,2024,6,21,1,07:52:59,Recording,NA,EI Monitoring,5.6,Clear,0.0,,SM4 (AU-1062),,,Nina Veselka; Anne Robinson; Maeve Chidwick,,Maya Meron,600s 1SPT,10m00s,999,
JNP,Sulphur Creek,9,2024,6,21,1,08:15:06,Recording,NA,EI Monitoring,5,Clear,0.0,,SM4 (AU-1062),,,Nina Veselka; Anne Robinson; Maeve Chidwick,,Samantha Pedersen,600s 1SPT,10m00s,999,
JNP,Sunwapta Falls,1,2024,6,14,1,04:57:34,Recording,NA,EI Monitoring,5.1,Broken,0.0,,SM4 (AU-1062),,,Nina Veselka; Emily Hollik,,Samantha Pedersen,600s 1SPT,10m00s,999,
JNP,Sunwapta Falls,10,2024,6,14,1,08:02:22,Recording,NA,EI Monitoring,7.9,Broken,0.0,,SM4 (AU-1062),,,Nina Veselka; Emily Hollik,,Michel Vorasane,600s 1SPT,10m00s,999,
JNP,Sunwapta Falls,2,2024,6,14,1,05:17:16,Recording,NA,EI Monitoring,6.1,Broken,0.0,,SM4 (AU-1062),,,Nina Veselka; Emily Hollik,,Samantha Pedersen,600s 1SPT,10m00s,999,
JNP,Sunwapta Falls,3,2024,6,14,1,05:38:19,Recording,NA,EI Monitoring,5.8,Broken,0.0,,SM4 (AU-1062),,,Nina Veselka; Emily Hollik,,Maya Meron,600s 1SPT,10m00s,999,
JNP,Sunwapta Falls,4,2024,6,14,1,06:00:22,Recording,NA,EI Monitoring,4.5,Broken,0.0,,SM4 (AU-1062),,,Nina Veselka; Emily Hollik,,Christopher Moser-Purdy,600s 1SPT,10m00s,999,
JNP,Sunwapta Falls,5,2024,6,14,1,06:20:50,Recording,NA,EI Monitoring,5.3,Broken,0.0,,SM4 (AU-1062),,,Nina Veselka; Emily Hollik,,Bronwyn Robinson,600s 1SPT,10m00s,999,
JNP,Sunwapta Falls,6,2024,6,14,1,06:42:44,Recording,NA,EI Monitoring,5.5,Broken,0.0,,SM4 (AU-1062),,,Nina Veselka; Emily Hollik,,Eric Pollard,600s 1SPT,10m00s,999,
JNP,Sunwapta Falls,7,2024,6,14,1,07:06:17,Recording,NA,EI Monitoring,5.7,Broken,0.0,,SM4 (AU-1062),,,Nina Veselka; Emily Hollik,,Christopher Moser-Purdy,600s 1SPT,10m00s,999,
JNP,Sunwapta Falls,8,2024,6,14,1,07:25:14,Recording,NA,EI Monitoring,6.9,Overcast,0.0,,SM4 (AU-1062),,,Nina Veselka; Emily Hollik,,Michel Vorasane,600s 1SPT,10m00s,999,
JNP,Sunwapta Falls,9,2024,6,14,1,07:45:46,Recording,NA,EI Monitoring,6.9,Overcast,0.0,,SM4 (AU-1062),,,Nina Veselka; Emily Hollik,,Samantha Pedersen,600s 1SPT,10m00s,999,
JNP,Tekarra,1,2024,6,10,1,04:58:54,Recording,NA,EI Monitoring,7.8,Broken,0.0,,SM4 (AU-1062),,,Nina Veselka; Emily Hollik,,Eric Pollard,600s 1SPT,10m00s,999,
JNP,Tekarra,10,2024,6,10,1,08:16:32,Recording,NA,EI Monitoring,10.9,Broken,0.0,,SM4 (AU-1062),,,Nina Veselka; Emily Hollik,,Michel Vorasane,600s 1SPT,10m00s,999,
JNP,Tekarra,2,2024,6,10,1,05:20:25,Recording,NA,EI Monitoring,8.3,Overcast,0.0,,SM4 (AU-1062),,,Nina Veselka; Emily Hollik,,Christopher Moser-Purdy,600s 1SPT,10m00s,999,
JNP,Tekarra,3,2024,6,10,1,05:43:49,Recording,NA,EI Monitoring,8.3,Broken,0.0,,SM4 (AU-1062),,,Nina Veselka; Emily Hollik,,Bronwyn Robinson,600s 1SPT,10m00s,999,
JNP,Tekarra,4,2024,6,10,1,06:02:54,Recording,NA,EI Monitoring,8.8,Broken,0.0,,SM4 (AU-1062),,,Nina Veselka; Emily Hollik,,Lucas Wessner,600s 1SPT,10m00s,999,
JNP,Tekarra,5,2024,6,10,1,06:26:30,Recording,NA,EI Monitoring,7.7,Overcast,2.4,,SM4 (AU-1062),,,Nina Veselka; Emily Hollik,,Samantha Pedersen,600s 1SPT,10m00s,999,Other noise is plane
JNP,Tekarra,6,2024,6,10,1,06:50:28,Recording,NA,EI Monitoring,8.4,Overcast,0.0,,SM4 (AU-1062),,,Nina Veselka; Emily Hollik,,Christopher Moser-Purdy,600s 1SPT,10m00s,999,
JNP,Tekarra,7,2024,6,10,1,07:14:33,Recording,NA,EI Monitoring,9.3,Overcast,0.0,,SM4 (AU-1062),,,Nina Veselka; Emily Hollik,,Samantha Pedersen,600s 1SPT,10m00s,999,
JNP,Tekarra,8,2024,6,10,1,07:34:27,Recording,NA,EI Monitoring,9.7,Overcast,0.0,,SM4 (AU-1062),,,Nina Veselka; Emily Hollik,,Eric Pollard,600s 1SPT,10m00s,999,
JNP,Tekarra,9,2024,6,10,1,07:55:05,Recording,NA,EI Monitoring,9.9,Overcast,0.0,,SM4 (AU-1062),,,Nina Veselka; Emily Hollik,,Bronwyn Robinson,600s 1SPT,10m00s,999,
JNP,Valley of Five Lakes,1,2024,6,7,1,04:59:08,Recording,NA,EI Monitoring,0.1,Clear,0.0,,SM4 (AU-1062),,,Nina Veselka; Emily Hollik,,Lucas Wessner,600s 1SPT,10m00s,999,
JNP,Valley of Five Lakes,10,2024,6,7,1,08:17:36,Recording,NA,EI Monitoring,2.7,Clear,0.0,,SM4 (AU-1062),,,Nina Veselka; Emily Hollik,,Lucas Wessner,600s 1SPT,10m00s,999,
JNP,Valley of Five Lakes,2,2024,6,7,1,05:25:47,Recording,NA,EI Monitoring,1.3,Clear,0.0,,SM4 (AU-1062),,,Nina Veselka; Emily Hollik,,Michel Vorasane,600s 1SPT,10m00s,999,
JNP,Valley of Five Lakes,3,2024,6,7,1,05:46:16,Recording,NA,EI Monitoring,-1,Clear,0.0,,SM4 (AU-1062),,,Nina Veselka; Emily Hollik,,Christopher Moser-Purdy,600s 1SPT,10m00s,999,
JNP,Valley of Five Lakes,4,2024,6,7,1,06:08:50,Recording,NA,EI Monitoring,-0.8,Clear,0.0,,SM4 (AU-1062),,,Nina Veselka; Emily Hollik,,Michel Vorasane,600s 1SPT,10m00s,999,
JNP,Valley of Five Lakes,5,2024,6,7,1,06:30:58,Recording,NA,EI Monitoring,-1,Clear,0.0,,SM4 (AU-1062),,,Nina Veselka; Emily Hollik,,Samantha Pedersen,600s 1SPT,10m00s,999,
JNP,Valley of Five Lakes,6,2024,6,7,1,06:51:42,Recording,NA,EI Monitoring,-0.7,Clear,0.0,,SM4 (AU-1062),,,Nina Veselka; Emily Hollik,,Christopher Moser-Purdy,600s 1SPT,10m00s,999,
JNP,Valley of Five Lakes,7,2024,6,7,1,07:12:34,Recording,NA,EI Monitoring,-0.8,Clear,0.0,,SM4 (AU-1062),,,Nina Veselka; Emily Hollik,,Samantha Pedersen,600s 1SPT,10m00s,999,
JNP,Valley of Five Lakes,8,2024,6,7,1,07:35:40,Recording,NA,EI Monitoring,-0.2,Clear,0.0,,SM4 (AU-1062),,,Nina Veselka; Emily Hollik,,Eric Pollard,600s 1SPT,10m00s,999,
JNP,Valley of Five Lakes,9,2024,6,7,1,07:56:17,Recording,NA,EI Monitoring,0.6,Clear,0.0,,SM4 (AU-1062),,,Nina Veselka; Emily Hollik,,Maya Meron,600s 1SPT,10m00s,999,
JNP,Watchtower,1,2024,6,13,1,04:55:14,Recording,NA,EI Monitoring,1.7,Scattered,1.4,,SM4 (AU-1062),,,Nina Veselka; Heidi Fengler,,Samantha Pedersen,600s 1SPT,10m00s,999,
JNP,Watchtower,10,2024,6,13,1,08:22:16,Recording,NA,EI Monitoring,4.5,Clear,0.0,,SM4 (AU-1062),,,Nina Veselka; Heidi Fengler,Wind picked up during recording,Lucas Wessner,600s 1SPT,10m00s,999,
JNP,Watchtower,2,2024,6,13,1,05:20:19,Recording,NA,EI Monitoring,2.2,Scattered,1.4,,SM4 (AU-1062),,,Nina Veselka; Heidi Fengler,,Christopher Moser-Purdy,600s 1SPT,10m00s,999,
JNP,Watchtower,3,2024,6,13,1,05:43:17,Recording,NA,EI Monitoring,0.8,Scattered,0.0,,SM4 (AU-1062),,,Nina Veselka; Heidi Fengler,,Michel Vorasane,600s 1SPT,10m00s,999,
JNP,Watchtower,4,2024,6,13,1,06:05:14,Recording,NA,EI Monitoring,0.5,Scattered,0.0,,SM4 (AU-1062),,,Nina Veselka; Heidi Fengler,,Bronwyn Robinson,600s 1SPT,10m00s,999,
JNP,Watchtower,5,2024,6,13,1,06:29:22,Recording,NA,EI Monitoring,0.2,Scattered,1.5,,SM4 (AU-1062),,,Nina Veselka; Heidi Fengler,,Christopher Moser-Purdy,600s 1SPT,10m00s,999,
JNP,Watchtower,6,2024,6,13,1,06:51:36,Recording,NA,EI Monitoring,0.1,Scattered,0.0,,SM4 (AU-1062),,,Nina Veselka; Heidi Fengler,,Samantha Pedersen,600s 1SPT,10m00s,999,
JNP,Watchtower,7,2024,6,13,1,07:13:18,Recording,NA,EI Monitoring,2.1,Scattered,0.0,,SM4 (AU-1062),,,Nina Veselka; Heidi Fengler,Plane overhead,Maya Meron,600s 1SPT,10m00s,999,
JNP,Watchtower,8,2024,6,13,1,07:36:13,Recording,NA,EI Monitoring,2.7,Scattered,1.6,,SM4 (AU-1062),,,Nina Veselka; Heidi Fengler,,Eric Pollard,600s 1SPT,10m00s,999,
JNP,Watchtower,9,2024,6,13,1,07:59:16,Recording,NA,EI Monitoring,2.7,Clear,0.0,,SM4 (AU-1062),,,Nina Veselka; Heidi Fengler,,Bronwyn Robinson,600s 1SPT,10m00s,999,
JNP,Wilcox Pass,1,2024,7,4,1,05:05:00,Recording,NA,EI Monitoring,0.4,Scattered,0.0,,SM4 (AU-5574),,,Nina Veselka; Rob Bowes; Cadence Garrison,Took photos on hike out - forgot in the morning,Samantha Pedersen,600s 1SPT,10m00s,999,Other noise is water
JNP,Wilcox Pass,10,2024,7,4,1,08:58:46,Recording,NA,EI Monitoring,7.7,Scattered,3.7,,SM4 (AU-5574),,,Nina Veselka; Rob Bowes; Cadence Garrison,Rock fall during recording,Lucas Wessner,600s 1SPT,10m00s,999,
JNP,Wilcox Pass,2,2024,7,4,1,05:29:00,Recording,NA,EI Monitoring,1.1,Scattered,0.0,,SM4 (AU-5574),,,Nina Veselka; Rob Bowes; Cadence Garrison,,Michel Vorasane,600s 1SPT,10m00s,999,
JNP,Wilcox Pass,3,2024,7,4,1,05:52:15,Recording,NA,EI Monitoring,1.7,Scattered,1.8,,SM4 (AU-5574),,,Nina Veselka; Rob Bowes; Cadence Garrison,,Christopher Moser-Purdy,600s 1SPT,10m00s,999,
JNP,Wilcox Pass,4,2024,7,4,1,06:19:10,Recording,NA,EI Monitoring,1.5,Scattered,4.3,,SM4 (AU-5574),,,Nina Veselka; Rob Bowes; Cadence Garrison,,Eric Pollard,600s 1SPT,10m00s,999,
JNP,Wilcox Pass,5,2024,7,4,1,06:45:19,Recording,NA,EI Monitoring,-0.6,Scattered,3.0,,SM4 (AU-5574),,,Nina Veselka; Rob Bowes; Cadence Garrison,,Eric Pollard,600s 1SPT,10m00s,999,
JNP,Wilcox Pass,6,2024,7,4,1,07:12:17,Recording,NA,EI Monitoring,-0.2,Scattered,0.0,,SM4 (AU-5574),,,Nina Veselka; Rob Bowes; Cadence Garrison,Rock fall during recording,Maya Meron,600s 1SPT,10m00s,999,
JNP,Wilcox Pass,7,2024,7,4,1,07:37:31,Recording,NA,EI Monitoring,3.3,Scattered,3.7,,SM4 (AU-5574),,,Nina Veselka; Rob Bowes; Cadence Garrison,,Eric Pollard,600s 1SPT,10m00s,999,
JNP,Wilcox Pass,8,2024,7,4,1,08:03:03,Recording,NA,EI Monitoring,7.7,Scattered,2.3,,SM4 (AU-5574),,,Nina Veselka; Rob Bowes; Cadence Garrison,,Christopher Moser-Purdy,600s 1SPT,10m00s,999,
JNP,Wilcox Pass,9,2024,7,4,1,08:29:50,Recording,NA,EI Monitoring,8.7,Scattered,0.0,,SM4 (AU-5574),,,Nina Veselka; Rob Bowes; Cadence Garrison,Wind picked up during recording,Bronwyn Robinson,600s 1SPT,10m00s,999,
JNP,Pyramid Bench,1,2025,6,2,1,05:04:00,Recording,NA,EI Monitoring,2.2,Clear,0.0,,SM4 (AU-1062),,,Nina Veselka; Nick Paroshy,Horses whinnying,,600s 1SPT,10m00s,999,
JNP,Pyramid Bench,2,2025,6,2,1,05:27:00,Recording,NA,EI Monitoring,1.3,Clear,0.0,,SM4 (AU-1062),,,Nina Veselka; Nick Paroshy,,,600s 1SPT,10m00s,999,
JNP,Pyramid Bench,3,2025,6,2,1,05:54:00,Recording,NA,EI Monitoring,0.6,Scattered,0.0,,SM4 (AU-1062),,,Nina Veselka; Nick Paroshy,,,600s 1SPT,10m00s,999,
JNP,Pyramid Bench,4,2025,6,2,1,06:18:00,Recording,NA,EI Monitoring,0.9,Scattered,0.0,,SM4 (AU-1062),,,Nina Veselka; Nick Paroshy,,,600s 1SPT,10m00s,999,
JNP,Pyramid Bench,5,2025,6,2,1,06:44:00,Recording,NA,EI Monitoring,0.4,Scattered,0.0,,SM4 (AU-1062),,,Nina Veselka; Nick Paroshy,,,600s 1SPT,10m00s,999,
JNP,Pyramid Bench,6,2025,6,2,1,07:19:00,Recording,NA,EI Monitoring,1.4,Scattered,0.0,,SM4 (AU-1062),,,Nina Veselka; Nick Paroshy,,,600s 1SPT,10m00s,999,
JNP,Pyramid Bench,7,2025,6,2,1,07:45:00,Recording,NA,EI Monitoring,2.7,Scattered,0.0,,SM4 (AU-1062),,,Nina Veselka; Nick Paroshy,,,600s 1SPT,10m00s,999,
JNP,Pyramid Bench,8,2025,6,2,1,08:07:00,Recording,NA,EI Monitoring,4.0,Overcast,0.0,,SM4 (AU-1062),,,Nina Veselka; Nick Paroshy,Wind picked up a bit near end of recording,,600s 1SPT,10m00s,999,
JNP,Pyramid Bench,9,2025,6,2,1,08:35:00,Recording,NA,EI Monitoring,4.9,Overcast,0.0,,SM4 (AU-1062),,,Nina Veselka; Nick Paroshy,,,600s 1SPT,10m00s,999,
JNP,Pyramid Bench,10,2025,6,2,1,08:58:00,Recording,NA,EI Monitoring,5.8,Overcast,0.0,,SM4 (AU-1062),,,Nina Veselka; Nick Paroshy,,,600s 1SPT,10m00s,999,
JNP,Valley of Five Lakes,1,2025,6,4,1,05:01:00,Recording,NA,EI Monitoring,2.3,Scattered,0.0,,SM4 (AU-1062),,,Nina Veselka; Nick Paroshy,Site burned in 2025 Jasper wildfire.  ,,600s 1SPT,10m00s,999,
JNP,Valley of Five Lakes,2,2025,6,4,1,05:24:00,Recording,NA,EI Monitoring,2.6,Overcast,0.0,,SM4 (AU-1062),,,Nina Veselka; Nick Paroshy,Site burned in 2025 Jasper wildfire.  ,,600s 1SPT,10m00s,999,
JNP,Valley of Five Lakes,3,2025,6,4,1,05:44:00,Recording,NA,EI Monitoring,2.1,Broken,0.0,,SM4 (AU-1062),,,Nina Veselka; Nick Paroshy,Site burned in 2025 Jasper wildfire. Three Canada geese flew overhead ~3min into recording. ,,600s 1SPT,10m00s,999,
JNP,Valley of Five Lakes,4,2025,6,4,1,06:07:00,Recording,NA,EI Monitoring,2.1,Scattered,0.0,,SM4 (AU-1062),,,Nina Veselka; Nick Paroshy,Site burned in 2025 Jasper wildfire.  ,,600s 1SPT,10m00s,999,
JNP,Valley of Five Lakes,5,2025,6,4,1,06:27:00,Recording,NA,EI Monitoring,1.8,Scattered,0.0,,SM4 (AU-1062),,,Nina Veselka; Nick Paroshy,Site burned in 2025 Jasper wildfire.  ,,600s 1SPT,10m00s,999,
JNP,Valley of Five Lakes,6,2025,6,4,1,06:48:00,Recording,NA,EI Monitoring,1.7,Scattered,0.0,,SM4 (AU-1062),,,Nina Veselka; Nick Paroshy,Site burned in 2025 Jasper wildfire.  ,,600s 1SPT,10m00s,999,
JNP,Valley of Five Lakes,7,2025,6,4,1,07:10:00,Recording,NA,EI Monitoring,1.9,Clear,0.0,,SM4 (AU-1062),,,Nina Veselka; Nick Paroshy,Site burned in 2025 Jasper wildfire.  ,,600s 1SPT,10m00s,999,
JNP,Valley of Five Lakes,8,2025,6,4,1,07:33:00,Recording,NA,EI Monitoring,2.6,Clear,0.0,,SM4 (AU-1062),,,Nina Veselka; Nick Paroshy,Site burned in 2025 Jasper wildfire.  ,,600s 1SPT,10m00s,999,
JNP,Valley of Five Lakes,9,2025,6,4,1,07:58:00,Recording,NA,EI Monitoring,4.5,Clear,0.0,,SM4 (AU-1062),,,Nina Veselka; Nick Paroshy,Site burned in 2025 Jasper wildfire.  ,,600s 1SPT,10m00s,999,
JNP,Valley of Five Lakes,10,2025,6,4,1,08:18:00,Recording,NA,EI Monitoring,6.7,Clear,1.1,,SM4 (AU-1062),,,Nina Veselka; Nick Paroshy,Site burned in 2025 Jasper wildfire. Chainsaw noise in distance. ,,600s 1SPT,10m00s,999,
JNP,Tekarra,1,2025,6,5,1,05:15:00,Recording,NA,EI Monitoring,2.6,Clear,2.6,,SM4 (AU-1062),,,Nina Veselka; Nick Paroshy,Site burned in 2025 Jasper wildfire.  ,,600s 1SPT,10m00s,999,
JNP,Tekarra,2,2025,6,5,1,05:35:00,Recording,NA,EI Monitoring,3.0,Clear,1.3,,SM4 (AU-1062),,,Nina Veselka; Nick Paroshy,Site burned in 2025 Jasper wildfire. Helicopter flew overhead- adjusted rec start time to try and minimize noise in recording.,,600s 1SPT,10m00s,999,
JNP,Tekarra,3,2025,6,5,1,05:56:00,Recording,NA,EI Monitoring,3.5,Scattered,1.1,,SM4 (AU-1062),,,Nina Veselka; Nick Paroshy,Site burned in 2025 Jasper wildfire.  ,,600s 1SPT,10m00s,999,
JNP,Tekarra,4,2025,6,5,1,06:18:00,Recording,NA,EI Monitoring,3.4,Scattered,0.0,,SM4 (AU-1062),,,Nina Veselka; Nick Paroshy,Site burned in 2025 Jasper wildfire.  ,,600s 1SPT,10m00s,999,
JNP,Tekarra,5,2025,6,5,1,06:47:00,Recording,NA,EI Monitoring,4.0,Scattered,2.6,,SM4 (AU-1062),,,Nina Veselka; Nick Paroshy,Site burned in 2025 Jasper wildfire.  ,,600s 1SPT,10m00s,999,
JNP,Tekarra,6,2025,6,5,1,07:11:00,Recording,NA,EI Monitoring,4.8,Scattered,0.0,,SM4 (AU-1062),,,Nina Veselka; Nick Paroshy,Site burned in 2025 Jasper wildfire.  ,,600s 1SPT,10m00s,999,
JNP,Tekarra,7,2025,6,5,1,07:35:00,Recording,NA,EI Monitoring,6.2,Clear,1.4,,SM4 (AU-1062),,,Nina Veselka; Nick Paroshy,Site burned in 2025 Jasper wildfire.  ,,600s 1SPT,10m00s,999,
JNP,Tekarra,8,2025,6,5,1,07:57:00,Recording,NA,EI Monitoring,8.5,Clear,3.1,,SM4 (AU-1062),,,Nina Veselka; Nick Paroshy,Site burned in 2025 Jasper wildfire.  ,,600s 1SPT,10m00s,999,
JNP,Tekarra,9,2025,6,5,1,08:19:00,Recording,NA,EI Monitoring,10.0,Clear,0.0,,SM4 (AU-1062),,,Nina Veselka; Nick Paroshy,Site burned in 2025 Jasper wildfire.  ,,600s 1SPT,10m00s,999,
JNP,Tekarra,10,2025,6,5,1,08:38:00,Recording,NA,EI Monitoring,12.3,Clear,2.3,,SM4 (AU-1062),,,Nina Veselka; Nick Paroshy,Site burned in 2025 Jasper wildfire.  ,,600s 1SPT,10m00s,999,
JNP,Watchtower,1,2025,6,16,1,04:56:00,Recording,NA,EI Monitoring,1.4,Clear,2.3,,SM4 (AU-1062),,,Nina Veselka; Nick Paroshy; Danielle Parker,,,600s 1SPT,10m00s,999,
JNP,Watchtower,2,2025,6,16,1,05:22:00,Recording,NA,EI Monitoring,1.6,Clear,1.0,,SM4 (AU-1062),,,Nina Veselka; Nick Paroshy; Danielle Parker,,,600s 1SPT,10m00s,999,
JNP,Watchtower,3,2025,6,16,1,05:46:00,Recording,NA,EI Monitoring,2.0,Clear,0.0,,SM4 (AU-1062),,,Nina Veselka; Nick Paroshy; Danielle Parker,,,600s 1SPT,10m00s,999,
JNP,Watchtower,4,2025,6,16,1,06:13:00,Recording,NA,EI Monitoring,2.0,Clear,0.0,,SM4 (AU-1062),,,Nina Veselka; Nick Paroshy; Danielle Parker,,,600s 1SPT,10m00s,999,
JNP,Watchtower,5,2025,6,16,1,06:36:00,Recording,NA,EI Monitoring,2.2,Clear,0.9,,SM4 (AU-1062),,,Nina Veselka; Nick Paroshy; Danielle Parker,,,600s 1SPT,10m00s,999,
JNP,Watchtower,6,2025,6,16,1,07:01:00,Recording,NA,EI Monitoring,2.8,Clear,1.0,,SM4 (AU-1062),,,Nina Veselka; Nick Paroshy; Danielle Parker,,,600s 1SPT,10m00s,999,
JNP,Watchtower,7,2025,6,16,1,07:26:00,Recording,NA,EI Monitoring,5.4,Clear,0.0,,SM4 (AU-1062),,,Nina Veselka; Nick Paroshy; Danielle Parker,,,600s 1SPT,10m00s,999,
JNP,Watchtower,8,2025,6,16,1,07:51:00,Recording,NA,EI Monitoring,6.7,Clear,0.0,,SM4 (AU-1062),,,Nina Veselka; Nick Paroshy; Danielle Parker,,,600s 1SPT,10m00s,999,
JNP,Watchtower,9,2025,6,16,1,08:14:00,Recording,NA,EI Monitoring,6.7,Clear,0.0,,SM4 (AU-1062),,,Nina Veselka; Nick Paroshy; Danielle Parker,,,600s 1SPT,10m00s,999,
JNP,Watchtower,10,2025,6,16,1,08:38:00,Recording,NA,EI Monitoring,8.5,Clear,0.0,,SM4 (AU-1062),,,Nina Veselka; Nick Paroshy; Danielle Parker,,,600s 1SPT,10m00s,999,
JNP,Sunwapta Falls,1,2025,6,11,1,04:57:00,Recording,NA,EI Monitoring,3.3,Clear,2.0,,SM4 (AU-1062),,,Nina Veselka; Maeve Campbell,Smokey.,,600s 1SPT,10m00s,999,
JNP,Sunwapta Falls,2,2025,6,11,1,05:19:00,Recording,NA,EI Monitoring,4.3,Clear,0.0,,SM4 (AU-1062),,,Nina Veselka; Maeve Campbell,Smokey. Wind picked up during recording.,,600s 1SPT,10m00s,999,
JNP,Sunwapta Falls,3,2025,6,11,1,05:41:00,Recording,NA,EI Monitoring,5.5,Clear,1.2,,SM4 (AU-1062),,,Nina Veselka; Maeve Campbell,Smokey.,,600s 1SPT,10m00s,999,
JNP,Sunwapta Falls,4,2025,6,11,1,06:03:00,Recording,NA,EI Monitoring,6.3,Clear,0.0,,SM4 (AU-1062),,,Nina Veselka; Maeve Campbell,Smokey.,,600s 1SPT,10m00s,999,
JNP,Sunwapta Falls,5,2025,6,11,1,06:24:00,Recording,NA,EI Monitoring,6.4,Clear,0.0,,SM4 (AU-1062),,,Nina Veselka; Maeve Campbell,"Smokey. Windy in trees, but not detected lower. Adjusted Start time (wind gust).",,600s 1SPT,10m00s,999,
JNP,Sunwapta Falls,6,2025,6,11,1,06:44:00,Recording,NA,EI Monitoring,6.9,Clear,0.9,,SM4 (AU-1062),,,Nina Veselka; Maeve Campbell,Smokey.,,600s 1SPT,10m00s,999,
JNP,Sunwapta Falls,7,2025,6,11,1,07:07:00,Recording,NA,EI Monitoring,7.1,Clear,0.0,,SM4 (AU-1062),,,Nina Veselka; Maeve Campbell,Smokey.,,600s 1SPT,10m00s,999,
JNP,Sunwapta Falls,8,2025,6,11,1,07:37:00,Recording,NA,EI Monitoring,7.7,Clear,0.0,,SM4 (AU-1062),,,Nina Veselka; Maeve Campbell,Smokey.,,600s 1SPT,10m00s,999,
JNP,Sunwapta Falls,9,2025,6,11,1,07:58:00,Recording,NA,EI Monitoring,8.6,Clear,1.5,,SM4 (AU-1062),,,Nina Veselka; Maeve Campbell,Smokey. Hikers passed by. Adjusted Start time (hikers chatting).,,600s 1SPT,10m00s,999,
JNP,Sunwapta Falls,10,2025,6,11,1,08:19:00,Recording,NA,EI Monitoring,9.9,Clear,0.0,,SM4 (AU-1062),,,Nina Veselka; Maeve Campbell,Smokey.,,600s 1SPT,10m00s,999,
JNP,Elysium Pass,1,2025,6,17,1,04:57:00,Recording,NA,EI Monitoring,6.4,Scattered,0.0,,SM4 (AU-1062),,,Nina Veselka; Danielle Nadeau; Jade Janzen,Took photos at end. ,,600s 1SPT,10m00s,999,
JNP,Elysium Pass,2,2025,6,17,1,05:21:00,Recording,NA,EI Monitoring,7.7,Scattered,0.0,,SM4 (AU-1062),,,Nina Veselka; Danielle Nadeau; Jade Janzen,,,600s 1SPT,10m00s,999,
JNP,Elysium Pass,3,2025,6,17,1,05:46:00,Recording,NA,EI Monitoring,7.4,Scattered,0.0,,SM4 (AU-1062),,,Nina Veselka; Danielle Nadeau; Jade Janzen,,,600s 1SPT,10m00s,999,
JNP,Elysium Pass,4,2025,6,17,1,06:09:00,Recording,NA,EI Monitoring,6.8,Scattered,0.0,,SM4 (AU-1062),,,Nina Veselka; Danielle Nadeau; Jade Janzen,,,600s 1SPT,10m00s,999,
JNP,Elysium Pass,5,2025,6,17,1,06:35:00,Recording,NA,EI Monitoring,5.5,Scattered,0.0,,SM4 (AU-1062),,,Nina Veselka; Danielle Nadeau; Jade Janzen,,,600s 1SPT,10m00s,999,
JNP,Elysium Pass,6,2025,6,17,1,06:59:00,Recording,NA,EI Monitoring,6.1,Clear,2.0,,SM4 (AU-1062),,,Nina Veselka; Danielle Nadeau; Jade Janzen,,,600s 1SPT,10m00s,999,
JNP,Elysium Pass,7,2025,6,17,1,07:24:00,Recording,NA,EI Monitoring,6.9,Clear,0.0,,SM4 (AU-1062),,,Nina Veselka; Danielle Nadeau; Jade Janzen,,,600s 1SPT,10m00s,999,
JNP,Elysium Pass,8,2025,6,17,1,07:47:00,Recording,NA,EI Monitoring,8.6,Clear,2.0,,SM4 (AU-1062),,,Nina Veselka; Danielle Nadeau; Jade Janzen,,,600s 1SPT,10m00s,999,
JNP,Elysium Pass,9,2025,6,17,1,08:14:00,Recording,NA,EI Monitoring,8.3,Scattered,1.0,,SM4 (AU-1062),,,Nina Veselka; Danielle Nadeau; Jade Janzen,,,600s 1SPT,10m00s,999,
JNP,Elysium Pass,10,2025,6,17,1,08:39:00,Recording,NA,EI Monitoring,9.6,Clear,0.0,,SM4 (AU-1062),,,Nina Veselka; Danielle Nadeau; Jade Janzen,,,600s 1SPT,10m00s,999,
JNP,Sulphur Creek,1,2025,6,18,1,04:56:00,Recording,NA,EI Monitoring,6.1,Scattered,0.0,,SM4 (AU-1062),,,Nina Veselka; Danielle Nadeau,,,600s 1SPT,10m00s,999,
JNP,Sulphur Creek,2,2025,6,18,1,05:19:00,Recording,NA,EI Monitoring,5.2,Scattered,0.0,,SM4 (AU-1062),,,Nina Veselka; Danielle Nadeau,,,600s 1SPT,10m00s,999,
JNP,Sulphur Creek,3,2025,6,18,1,05:42:00,Recording,NA,EI Monitoring,4.5,Scattered,0.0,,SM4 (AU-1062),,,Nina Veselka; Danielle Nadeau,,,600s 1SPT,10m00s,999,
JNP,Sulphur Creek,4,2025,6,18,1,06:04:00,Recording,NA,EI Monitoring,4.2,Scattered,0.0,,SM4 (AU-1062),,,Nina Veselka; Danielle Nadeau,,,600s 1SPT,10m00s,999,
JNP,Sulphur Creek,5,2025,6,18,1,06:36:00,Recording,NA,EI Monitoring,3.9,Scattered,0.0,,SM4 (AU-1062),,,Nina Veselka; Danielle Nadeau,Re-did recording- animal nearby,,600s 1SPT,10m00s,999,
JNP,Sulphur Creek,6,2025,6,18,1,06:57:00,Recording,NA,EI Monitoring,4.5,Broken,0.0,,SM4 (AU-1062),,,Nina Veselka; Danielle Nadeau,,,600s 1SPT,10m00s,999,
JNP,Sulphur Creek,7,2025,6,18,1,07:18:00,Recording,NA,EI Monitoring,5.3,Broken,0.0,,SM4 (AU-1062),,,Nina Veselka; Danielle Nadeau,,,600s 1SPT,10m00s,999,
JNP,Sulphur Creek,8,2025,6,18,1,07:41:00,Recording,NA,EI Monitoring,6.5,Broken,0.0,,SM4 (AU-1062),,,Nina Veselka; Danielle Nadeau,,,600s 1SPT,10m00s,999,
JNP,Sulphur Creek,9,2025,6,18,1,08:04:00,Recording,NA,EI Monitoring,6.9,Broken,0.0,,SM4 (AU-1062),,,Nina Veselka; Danielle Nadeau,,,600s 1SPT,10m00s,999,
JNP,Opal Hills,1,2025,6,23,1,04:56:00,Recording,NA,EI Monitoring,-0.1,Broken,0.0,,SM4 (AU-1062),,,Nina Veselka; Danielle Nadeau,,,600s 1SPT,10m00s,999,
JNP,Opal Hills,2,2025,6,23,1,05:22:00,Recording,NA,EI Monitoring,1.2,Broken,0.0,,SM4 (AU-1062),,,Nina Veselka; Danielle Nadeau,,,600s 1SPT,10m00s,999,
JNP,Opal Hills,3,2025,6,23,1,05:55:00,Recording,NA,EI Monitoring,-0.4,Scattered,0.0,,SM4 (AU-1062),,,Nina Veselka; Danielle Nadeau,,,600s 1SPT,10m00s,999,
JNP,Opal Hills,4,2025,6,23,1,06:17:00,Recording,NA,EI Monitoring,-2.3,Scattered,0.0,,SM4 (AU-1062),,,Nina Veselka; Danielle Nadeau,,,600s 1SPT,10m00s,999,
JNP,Opal Hills,5,2025,6,23,1,06:39:00,Recording,NA,EI Monitoring,-1.4,Scattered,1.8,,SM4 (AU-1062),,,Nina Veselka; Danielle Nadeau,Rockfall in distance.,,600s 1SPT,10m00s,999,
JNP,Opal Hills,6,2025,6,23,1,07:00:00,Recording,NA,EI Monitoring,-0.9,Broken,0.0,,SM4 (AU-1062),,,Nina Veselka; Danielle Nadeau,Wind picked up during recording.,,600s 1SPT,10m00s,999,
JNP,Opal Hills,7,2025,6,23,1,07:27:00,Recording,NA,EI Monitoring,1.0,Broken,0.9,,SM4 (AU-1062),,,Nina Veselka; Danielle Nadeau,,,600s 1SPT,10m00s,999,
JNP,Opal Hills,8,2025,6,23,1,07:56:00,Recording,NA,EI Monitoring,1.3,Scattered,2.9,,SM4 (AU-1062),,,Nina Veselka; Danielle Nadeau,Forgot to take photos,,600s 1SPT,10m00s,999,
JNP,Opal Hills,9,2025,6,23,1,08:19:00,Recording,NA,EI Monitoring,2.6,Broken,0.0,,SM4 (AU-1062),,,Nina Veselka; Danielle Nadeau,,,600s 1SPT,10m00s,999,
JNP,Opal Hills,10,2025,6,23,1,08:43:00,Recording,NA,EI Monitoring,4.1,Broken,0.0,,SM4 (AU-1062),,,Nina Veselka; Danielle Nadeau,,,600s 1SPT,10m00s,999,
JNP,Fiddle Pass,1,2025,7,1,1,05:00:00,Recording,NA,EI Monitoring,7.9,Clear,0.0,,SM4 (AU 6128),,,Nick Paroshy; Robert Bowes,,,600s 1SPT,10m00s,999,
JNP,Fiddle Pass,2,2025,7,1,1,05:23:00,Recording,NA,EI Monitoring,8.2,Scattered,0.0,,SM4 (AU 6128),,,Nick Paroshy; Robert Bowes,"Thunder at 3.18, 6.06",,600s 1SPT,10m00s,999,
JNP,Fiddle Pass,3,2025,7,1,1,05:48:00,Recording,NA,EI Monitoring,9.7,Broken,1.0,,SM4 (AU 6128),,,Nick Paroshy; Robert Bowes,"Rain towards Miette (Northwest), scattered skies otherwise",,600s 1SPT,10m00s,999,
JNP,Fiddle Pass,4,2025,7,1,1,06:10:00,Recording,NA,EI Monitoring,9.7,Overcast,3.8,,SM4 (AU 6128),,,Nick Paroshy; Robert Bowes,"Wind gusts up at 4 mins, 6 min, 7 min. Wind speed at end of recording: ~10km/h",,600s 1SPT,10m00s,999,
JNP,Fiddle Pass,5,2025,7,1,1,07:15:00,Recording,NA,EI Monitoring,9.5,Broken,1.2,,SM4 (AU 6128),,,Nick Paroshy; Robert Bowes,"Thunder towards Miette at 3.30, 6.46",,600s 1SPT,10m00s,999,
JNP,Fiddle Pass,6,2025,7,1,1,07:38:00,Recording,NA,EI Monitoring,9.1,Broken,0.9,,SM4 (AU 6128),,,Nick Paroshy; Robert Bowes,"Rec start time might not be accurate, approximate",,600s 1SPT,10m00s,999,
JNP,Fiddle Pass,7,2025,7,1,1,08:07:00,Recording,NA,EI Monitoring,11.0,Broken,3.3,,SM4 (AU 6128),,,Nick Paroshy; Robert Bowes,"Rec start time might not be accurate, approximate",,600s 1SPT,10m00s,999,
JNP,Fiddle Pass,8,2025,7,1,1,08:44:00,Recording,NA,EI Monitoring,11.7,Scattered,0.0,,SM4 (AU 6128),,,Nick Paroshy; Robert Bowes,,,600s 1SPT,10m00s,999,
JNP,Fiddle Pass,9,2025,7,1,1,09:09:00,Recording,NA,EI Monitoring,12.6,Scattered,2.5,,SM4 (AU 6128),,,Nick Paroshy; Robert Bowes,,,600s 1SPT,10m00s,999,
JNP,Fiddle Pass,10,2025,7,1,1,09:33:00,Recording,NA,EI Monitoring,16.5,Scattered,1.8,,SM4 (AU 6128),,,Nick Paroshy; Robert Bowes,"Rec start time might not be accurate, approximate",,600s 1SPT,10m00s,999,
JNP,Wilcox Pass,1,2025,6,24,1,04:57:00,Recording,NA,EI Monitoring,-0.5,Clear,0.0,,SM4 (AU-1062),,,Nina Veselka; Andre Morson,,,600s 1SPT,10m00s,999,
JNP,Wilcox Pass,2,2025,6,24,1,05:19:00,Recording,NA,EI Monitoring,-0.1,Clear,0.0,,SM4 (AU-1062),,,Nina Veselka; Andre Morson,Rockfall heard in recording,,600s 1SPT,10m00s,999,
JNP,Wilcox Pass,3,2025,6,24,1,05:42:00,Recording,NA,EI Monitoring,0.6,Clear,2.0,,SM4 (AU-1062),,,Nina Veselka; Andre Morson,,,600s 1SPT,10m00s,999,
JNP,Wilcox Pass,4,2025,6,24,1,06:10:00,Recording,NA,EI Monitoring,0.0,Scattered,2.9,,SM4 (AU-1062),,,Nina Veselka; Andre Morson,,,600s 1SPT,10m00s,999,
JNP,Wilcox Pass,5,2025,6,24,1,06:36:00,Recording,NA,EI Monitoring,-0.8,Scattered,1.1,,SM4 (AU-1062),,,Nina Veselka; Andre Morson,Rockfall heard in recording,,600s 1SPT,10m00s,999,
JNP,Wilcox Pass,6,2025,6,24,1,06:57:00,Recording,NA,EI Monitoring,-0.9,Scattered,2.1,,SM4 (AU-1062),,,Nina Veselka; Andre Morson,Rockfall heard in recording,,600s 1SPT,10m00s,999,
JNP,Wilcox Pass,7,2025,6,24,1,07:21:00,Recording,NA,EI Monitoring,1.8,Scattered,0.0,,SM4 (AU-1062),,,Nina Veselka; Andre Morson,,,600s 1SPT,10m00s,999,
JNP,Wilcox Pass,8,2025,6,24,1,07:44:00,Recording,NA,EI Monitoring,3.3,Scattered,3.3,,SM4 (AU-1062),,,Nina Veselka; Andre Morson,,,600s 1SPT,10m00s,999,
JNP,Wilcox Pass,9,2025,6,24,1,08:06:00,Recording,NA,EI Monitoring,6.1,Scattered,1.9,,SM4 (AU-1062),,,Nina Veselka; Andre Morson,,,600s 1SPT,10m00s,999,
JNP,Wilcox Pass,10,2025,6,24,1,08:30:00,Recording,NA,EI Monitoring,5.7,Scattered,3.4,,SM4 (AU-1062),,,Nina Veselka; Andre Morson,,,600s 1SPT,10m00s,999,
JNP,Cavell Meadows ,1,2025,6,30,1,05:00:00,Recording,NA,EI Monitoring,9.2,Broken,0.0,,SM4 (AU-1062),,,Nina Veselka; Danielle Nadeau,,,600s 1SPT,10m00s,999,
JNP,Cavell Meadows ,2,2025,6,30,1,05:24:00,Recording,NA,EI Monitoring,8.6,Broken,2.4,,SM4 (AU-1062),,,Nina Veselka; Danielle Nadeau,,,600s 1SPT,10m00s,999,
JNP,Cavell Meadows ,3,2025,6,30,1,05:49:00,Recording,NA,EI Monitoring,8.1,Broken,2.3,,SM4 (AU-1062),,,Nina Veselka; Danielle Nadeau,Rockfall heard in recording,,600s 1SPT,10m00s,999,
JNP,Cavell Meadows ,4,2025,6,30,1,06:15:00,Recording,NA,EI Monitoring,7.7,Broken,1.5,,SM4 (AU-1062),,,Nina Veselka; Danielle Nadeau,Rockfall heard in recording,,600s 1SPT,10m00s,999,
JNP,Cavell Meadows ,5,2025,6,30,1,06:42:00,Recording,NA,EI Monitoring,8.4,Broken,6.1,,SM4 (AU-1062),,,Nina Veselka; Danielle Nadeau,,,600s 1SPT,10m00s,999,
JNP,Cavell Meadows ,6,2025,6,30,1,07:10:00,Recording,NA,EI Monitoring,8.4,Broken,10.5,,SM4 (AU-1062),,,Nina Veselka; Danielle Nadeau,,,600s 1SPT,10m00s,999,
JNP,Cavell Meadows ,7,2025,6,30,1,07:42:00,Recording,NA,EI Monitoring,10.2,Broken,0.0,,SM4 (AU-1062),,,Nina Veselka; Danielle Nadeau,,,600s 1SPT,10m00s,999,
JNP,Cavell Meadows ,8,2025,6,30,1,08:08:00,Recording,NA,EI Monitoring,11.0,Broken,2.5,,SM4 (AU-1062),,,Nina Veselka; Danielle Nadeau,Rockfall heard in recording,,600s 1SPT,10m00s,999,
JNP,Cavell Meadows ,9,2025,6,30,1,08:32:00,Recording,NA,EI Monitoring,13.0,Broken,0.0,,SM4 (AU-1062),,,Nina Veselka; Danielle Nadeau,,,600s 1SPT,10m00s,999,
JNP,Cavell Meadows ,10,2025,6,30,1,08:57:00,Recording,NA,EI Monitoring,14.1,Broken,0.0,,SM4 (AU-1062),,,Nina Veselka; Danielle Nadeau,Rockfall heard in recording,,600s 1SPT,10m00s,999,
JNP,Majestic Hill,1,2025,7,2,1,05:02:00,Recording,NA,EI Monitoring,9.8,Scattered,1.7,,SM4 (AU-1062),,,Nina Veselka; Danielle Nadeau,,,600s 1SPT,10m00s,999,
JNP,Majestic Hill,2,2025,7,2,1,05:25:00,Recording,NA,EI Monitoring,10.9,Scattered,2.7,,SM4 (AU-1062),,,Nina Veselka; Danielle Nadeau,,,600s 1SPT,10m00s,999,
JNP,Majestic Hill,3,2025,7,2,1,05:48:00,Recording,NA,EI Monitoring,9.9,Scattered,0.0,,SM4 (AU-1062),,,Nina Veselka; Danielle Nadeau,,,600s 1SPT,10m00s,999,
JNP,Majestic Hill,4,2025,7,2,1,06:09:00,Recording,NA,EI Monitoring,10.0,Scattered,0.0,,SM4 (AU-1062),,,Nina Veselka; Danielle Nadeau,,,600s 1SPT,10m00s,999,
JNP,Majestic Hill,5,2025,7,2,1,06:31:00,Recording,NA,EI Monitoring,9.9,Scattered,1.4,,SM4 (AU-1062),,,Nina Veselka; Danielle Nadeau,,,600s 1SPT,10m00s,999,
JNP,Majestic Hill,6,2025,7,2,1,06:54:00,Recording,NA,EI Monitoring,11.0,Scattered,1.3,,SM4 (AU-1062),,,Nina Veselka; Danielle Nadeau,,,600s 1SPT,10m00s,999,
JNP,Majestic Hill,7,2025,7,2,1,07:15:00,Recording,NA,EI Monitoring,11.3,Scattered,2.0,,SM4 (AU-1062),,,Nina Veselka; Danielle Nadeau,Wind picked up during recording.,,600s 1SPT,10m00s,999,
JNP,Majestic Hill,8,2025,7,2,1,07:37:00,Recording,NA,EI Monitoring,13.1,Scattered,1.9,,SM4 (AU-1062),,,Nina Veselka; Danielle Nadeau,,,600s 1SPT,10m00s,999,
JNP,Majestic Hill,9,2025,7,2,1,08:01:00,Recording,NA,EI Monitoring,14.1,Clear,0.9,,SM4 (AU-1062),,,Nina Veselka; Danielle Nadeau,Couldn't find stake- recorded at GPS point.,,600s 1SPT,10m00s,999,
JNP,Majestic Hill,10,2025,7,2,1,08:25:00,Recording,NA,EI Monitoring,14.3,Clear,1.2,,SM4 (AU-1062),,,Nina Veselka; Danielle Nadeau,,,600s 1SPT,10m00s,999,
JNP,Poboktan Pass,1,2025,7,4,1,05:02:00,Recording,NA,EI Monitoring,-0.6,Clear,2.4,,SM4 (AU-5574),,,Brenda Shepherd; Landon Shepherd; Skylar Shepherd,Couldn't find stake - recorded at the flagging tape,,600s 1SPT,10m00s,999,
JNP,Poboktan Pass,2,2025,7,4,1,05:29:00,Recording,NA,EI Monitoring,-1.0,Clear,1.9,,SM4 (AU-5574),,,Brenda Shepherd; Landon Shepherd; Skylar Shepherd,Temp should be -1.0 and not as recorded ,,600s 1SPT,10m00s,999,
JNP,Poboktan Pass,3,2025,7,4,1,05:54:00,Recording,NA,EI Monitoring,0.2,Clear,2.5,,SM4 (AU-5574),,,Brenda Shepherd; Landon Shepherd; Skylar Shepherd,I wouldn't completely trust my Time estimate,,600s 1SPT,10m00s,999,
JNP,Poboktan Pass,4,2025,7,4,1,06:16:00,Recording,NA,EI Monitoring,0.9,Clear,1.2,,SM4 (AU-5574),,,Brenda Shepherd; Landon Shepherd; Skylar Shepherd,I wouldn't completely trust my Time estimate,,600s 1SPT,10m00s,999,
JNP,Poboktan Pass,5,2025,7,4,1,06:42:00,Recording,NA,EI Monitoring,0.0,Clear,0.0,,SM4 (AU-5574),,,Brenda Shepherd; Landon Shepherd; Skylar Shepherd,Couldn't find stake - recorded at the flagging tape. I wouldn't completely trust the Time estimate,,600s 1SPT,10m00s,999,
JNP,Poboktan Pass,6,2025,7,4,1,07:08:00,Recording,NA,EI Monitoring,1.6,Clear,0.0,,SM4 (AU-5574),,,Brenda Shepherd; Landon Shepherd; Skylar Shepherd,I wouldn't completely trust my Time estimate. This has the paired ARU. I think that peak bird was earlier in the season so it would be interesting to compare the recording here to the ARU for the previous 10 days near this time in the morning.,,600s 1SPT,10m00s,999,
JNP,Poboktan Pass,7,2025,7,4,1,07:34:00,Recording,NA,EI Monitoring,2.0,Clear,1.5,,SM4 (AU-5574),,,Brenda Shepherd; Landon Shepherd; Skylar Shepherd,I wouldn't completely trust my Time estimate,,600s 1SPT,10m00s,999,
JNP,Poboktan Pass,8,2025,7,4,1,08:11:00,Recording,NA,EI Monitoring,7.3,Clear,0.0,,SM4 (AU-5574),,,Brenda Shepherd; Landon Shepherd; Skylar Shepherd,I wouldn't completely trust my Time estimate,,600s 1SPT,10m00s,999,
JNP,Poboktan Pass,9,2025,7,4,1,08:34:00,Recording,NA,EI Monitoring,12.5,Clear,0.0,,SM4 (AU-5574),,,Brenda Shepherd; Landon Shepherd; Skylar Shepherd,I wouldn't completely trust my Time estimate,,600s 1SPT,10m00s,999,
JNP,Poboktan Pass,10,2025,7,4,1,08:58:00,Recording,NA,EI Monitoring,9.2,Clear,1.0,,SM4 (AU-5574),,,Brenda Shepherd; Landon Shepherd; Skylar Shepherd,,,600s 1SPT,10m00s,999,
JNP,Cottonwood Slough,1,2025,6,10,1,04:58:00,Recording,NA,EI Monitoring,2.2,Clear,0.0,,SM4 (AU-1062),,,Nina Veselka; Nick Paroshy,,,600s 1SPT,10m00s,999,
JNP,Cottonwood Slough,2,2025,6,10,1,05:20:00,Recording,NA,EI Monitoring,2.7,Clear,0.0,,SM4 (AU-1062),,,Nina Veselka; Nick Paroshy,,,600s 1SPT,10m00s,999,
JNP,Cottonwood Slough,3,2025,6,10,1,05:41:00,Recording,NA,EI Monitoring,2.8,Clear,0.0,,SM4 (AU-1062),,,Nina Veselka; Nick Paroshy,,,600s 1SPT,10m00s,999,
JNP,Cottonwood Slough,4,2025,6,10,1,06:03:00,Recording,NA,EI Monitoring,-0.2,Clear,2.7,,SM4 (AU-1062),,,Nina Veselka; Nick Paroshy,,,600s 1SPT,10m00s,999,
JNP,Cottonwood Slough,5,2025,6,10,1,06:24:00,Recording,NA,EI Monitoring,0.2,Clear,0.0,,SM4 (AU-1062),,,Nina Veselka; Nick Paroshy,,,600s 1SPT,10m00s,999,
JNP,Cottonwood Slough,6,2025,6,10,1,06:46:00,Recording,NA,EI Monitoring,0.5,Clear,0.0,,SM4 (AU-1062),,,Nina Veselka; Nick Paroshy,,,600s 1SPT,10m00s,999,
JNP,Cottonwood Slough,7,2025,6,10,1,07:07:00,Recording,NA,EI Monitoring,1.3,Clear,0.0,,SM4 (AU-1062),,,Nina Veselka; Nick Paroshy,,,600s 1SPT,10m00s,999,
JNP,Cottonwood Slough,8,2025,6,10,1,07:34:00,Recording,NA,EI Monitoring,4.3,Clear,0.0,,SM4 (AU-1062),,,Nina Veselka; Nick Paroshy,Chatty hikers passed by. Moved point uphill off trail.,,600s 1SPT,10m00s,999,
JNP,Cottonwood Slough,9,2025,6,10,1,08:01:00,Recording,NA,EI Monitoring,8.8,Clear,2.8,,SM4 (AU-1062),,,Nina Veselka; Nick Paroshy,,,600s 1SPT,10m00s,999,
JNP,Cottonwood Slough,10,2025,6,10,1,08:21:00,Recording,NA,EI Monitoring,7.6,Clear,0.0,,SM4 (AU-1062),,,Nina Veselka; Nick Paroshy,,,600s 1SPT,10m00s,999,
JNP,Mushroom Patch,1,2025,6,9,1,04:58:00,Recording,NA,EI Monitoring,11.5,Clear,0.0,,SM4 (AU-1062),,,Nina Veselka; Saakje Hazenberg,,,600s 1SPT,10m00s,999,
JNP,Mushroom Patch,2,2025,6,9,1,05:24:00,Recording,NA,EI Monitoring,9.3,Clear,0.0,,SM4 (AU-1062),,,Nina Veselka; Saakje Hazenberg,,,600s 1SPT,10m00s,999,
JNP,Mushroom Patch,3,2025,6,9,1,05:51:00,Recording,NA,EI Monitoring,6.9,Clear,0.0,,SM4 (AU-1062),,,Nina Veselka; Saakje Hazenberg,,,600s 1SPT,10m00s,999,
JNP,Mushroom Patch,4,2025,6,9,1,06:18:00,Recording,NA,EI Monitoring,10.1,Clear,0.0,,SM4 (AU-1062),,,Nina Veselka; Saakje Hazenberg,,,600s 1SPT,10m00s,999,
JNP,Mushroom Patch,5,2025,6,9,1,06:52:00,Recording,NA,EI Monitoring,12.4,Clear,0.0,,SM4 (AU-1062),,,Nina Veselka; Saakje Hazenberg,,,600s 1SPT,10m00s,999,
JNP,Mushroom Patch,6,2025,6,9,1,07:31:00,Recording,NA,EI Monitoring,13.3,Clear,1.1,,SM4 (AU-1062),,,Nina Veselka; Saakje Hazenberg,,,600s 1SPT,10m00s,999,
JNP,Mushroom Patch,7,2025,6,9,1,07:57:00,Recording,NA,EI Monitoring,15.1,Clear,0.0,,SM4 (AU-1062),,,Nina Veselka; Saakje Hazenberg,,,600s 1SPT,10m00s,999,
JNP,Mushroom Patch,8,2025,6,9,1,08:21:00,Recording,NA,EI Monitoring,17.5,Clear,0.0,,SM4 (AU-1062),,,Nina Veselka; Saakje Hazenberg,Can hear campers on Athabasca Island. Wind picked up during recording.,,600s 1SPT,10m00s,999,
JNP,Mushroom Patch,9,2025,6,9,1,08:46:00,Recording,NA,EI Monitoring,16.3,Clear,1.3,,SM4 (AU-1062),,,Nina Veselka; Saakje Hazenberg,,,600s 1SPT,10m00s,999,